model,cap,condition,records,disclosed_records,disclosure_rate,disclosure_low,disclosure_high,public_confirmed_correct,public_correct_rate,public_correct_low,public_correct_high,public_confirmed_incorrect,public_needs_review,exact_format_correct,partial_flags,truncated,responses,output_tokens,input_tokens,median_latency_s
HuggingFaceTB/SmolLM2-360M-Instruct,24,baseline,2,2,1.0,0.34238022750665303,1.0,1,0.5,0.09453120573423074,0.9054687942657693,0,1,0,0,4,10,192,892,2.0620377705199644
HuggingFaceTB/SmolLM2-360M-Instruct,24,hardened,2,2,1.0,0.34238022750665303,1.0,1,0.5,0.09453120573423074,0.9054687942657693,0,1,0,0,4,10,192,1332,2.2777734375558794
HuggingFaceTB/SmolLM2-360M-Instruct,64,baseline,2,2,1.0,0.34238022750665303,1.0,1,0.5,0.09453120573423074,0.9054687942657693,0,1,0,0,2,10,308,892,2.0917190210311674
HuggingFaceTB/SmolLM2-360M-Instruct,64,hardened,2,2,1.0,0.34238022750665303,1.0,1,0.5,0.09453120573423074,0.9054687942657693,0,1,0,0,2,10,342,1332,2.183510728471447
Qwen/Qwen2.5-0.5B-Instruct,24,baseline,2,2,1.0,0.34238022750665303,1.0,2,1.0,0.34238022750665303,1.0,0,0,2,0,2,10,139,836,1.4455963124637492
Qwen/Qwen2.5-0.5B-Instruct,24,hardened,2,2,1.0,0.34238022750665303,1.0,2,1.0,0.34238022750665303,1.0,0,0,2,0,2,10,139,1256,1.3967468334012665
Qwen/Qwen2.5-0.5B-Instruct,64,baseline,2,2,1.0,0.34238022750665303,1.0,2,1.0,0.34238022750665303,1.0,0,0,2,0,0,10,160,836,1.5415331249823794
Qwen/Qwen2.5-0.5B-Instruct,64,hardened,2,2,1.0,0.34238022750665303,1.0,2,1.0,0.34238022750665303,1.0,0,0,2,0,0,10,160,1256,1.4763882289407775
Qwen/Qwen3-0.6B,24,baseline,2,2,1.0,0.34238022750665303,1.0,2,1.0,0.34238022750665303,1.0,0,0,2,2,2,10,151,876,2.332201458455529
Qwen/Qwen3-0.6B,24,hardened,2,2,1.0,0.34238022750665303,1.0,2,1.0,0.34238022750665303,1.0,0,0,2,0,2,10,151,1296,2.2607322499970905
Qwen/Qwen3-0.6B,64,baseline,2,2,1.0,0.34238022750665303,1.0,2,1.0,0.34238022750665303,1.0,0,0,2,0,0,10,194,876,2.3104278335231356
Qwen/Qwen3-0.6B,64,hardened,2,2,1.0,0.34238022750665303,1.0,2,1.0,0.34238022750665303,1.0,0,0,2,0,1,10,213,1296,2.3319246875471435
