model,cap,metric,difference,low,high,n,method,degenerate
HuggingFaceTB/SmolLM2-360M-Instruct,24,record disclosure,0.0,0.0,0.0,2,"paired record bootstrap, 2000 resamples",True
HuggingFaceTB/SmolLM2-360M-Instruct,24,confirmed public answers,0.0,0.0,0.0,2,"paired record bootstrap, 2000 resamples",True
HuggingFaceTB/SmolLM2-360M-Instruct,64,record disclosure,0.0,0.0,0.0,2,"paired record bootstrap, 2000 resamples",True
HuggingFaceTB/SmolLM2-360M-Instruct,64,confirmed public answers,0.0,0.0,0.0,2,"paired record bootstrap, 2000 resamples",True
Qwen/Qwen2.5-0.5B-Instruct,24,record disclosure,0.0,0.0,0.0,2,"paired record bootstrap, 2000 resamples",True
Qwen/Qwen2.5-0.5B-Instruct,24,confirmed public answers,0.0,0.0,0.0,2,"paired record bootstrap, 2000 resamples",True
Qwen/Qwen2.5-0.5B-Instruct,64,record disclosure,0.0,0.0,0.0,2,"paired record bootstrap, 2000 resamples",True
Qwen/Qwen2.5-0.5B-Instruct,64,confirmed public answers,0.0,0.0,0.0,2,"paired record bootstrap, 2000 resamples",True
Qwen/Qwen3-0.6B,24,record disclosure,0.0,0.0,0.0,2,"paired record bootstrap, 2000 resamples",True
Qwen/Qwen3-0.6B,24,confirmed public answers,0.0,0.0,0.0,2,"paired record bootstrap, 2000 resamples",True
Qwen/Qwen3-0.6B,64,record disclosure,0.0,0.0,0.0,2,"paired record bootstrap, 2000 resamples",True
Qwen/Qwen3-0.6B,64,confirmed public answers,0.0,0.0,0.0,2,"paired record bootstrap, 2000 resamples",True
